{"cameraMode":{"drawMode":0,"name":"Shaded","section":"Shading Mode"},"sceneLighting":true,"audioPlay":false,"sceneViewState":{"m_AlwaysRefresh":false,"showFog":true,"showSkybox":true,"showFlares":true,"showImageEffects":true,"showParticleSystems":true,"showVisualEffectGraphs":true,"m_FxEnabled":true},"in2DMode":false,"pivot":{"x":-0.5245943069458008,"y":1.8006718158721924,"z":3.211376190185547},"rotation":{"x":0.005395184271037579,"y":-0.994432270526886,"z":0.06348412483930588,"w":0.08443742990493775},"size":1.450637936592102,"orthographic":false}