{"cameraMode":{"drawMode":0,"name":"Shaded","section":"Shading Mode"},"sceneLighting":true,"audioPlay":false,"sceneViewState":{"m_AlwaysRefresh":false,"showFog":true,"showSkybox":true,"showFlares":true,"showImageEffects":true,"showParticleSystems":true,"showVisualEffectGraphs":true,"m_FxEnabled":true},"in2DMode":false,"pivot":{"x":0.010421842336654663,"y":2.259913921356201,"z":-2.8921256065368654},"rotation":{"x":0.0017492137849330903,"y":0.9982403516769409,"z":0.04495098069310188,"w":-0.038950856775045398},"size":1.4746567010879517,"orthographic":false}