{"cameraMode":{"drawMode":0,"name":"Shaded","section":"Shading Mode"},"sceneLighting":true,"audioPlay":false,"sceneViewState":{"m_AlwaysRefresh":false,"showFog":true,"showSkybox":true,"showFlares":true,"showImageEffects":true,"showParticleSystems":true,"showVisualEffectGraphs":true,"m_FxEnabled":true},"in2DMode":false,"pivot":{"x":7.6570143699646,"y":4.117136478424072,"z":-6.2607831954956059},"rotation":{"x":0.07224369794130326,"y":0.01078217662870884,"z":-0.0007623694255016744,"w":0.9973403215408325},"size":50.77096939086914,"orthographic":false}